image,title,location,category,job_type
https://kathmandujobs.com/uploads/company_logos/1573977641logo.png,Web Designer," Kathmandu, Nepal",web-designer-front-end, Intermediate
https://kathmandujobs.com/uploads/company_logos/1573552376develoops_png.png,Front End Developer Intern," Lalitpur, Nepal",web-designer-front-end, Beginner
https://kathmandujobs.com/uploads/company_logos/1573210046theme_logo21_180x37.png,Frontend Developer," Lalitpur, Nepal",web-designer-front-end, Intermediate
https://kathmandujobs.com/uploads/company_logos/1573552376develoops_png.png,Front End Developer," Lalitpur, Nepal",web-designer-front-end, Intermediate
https://kathmandujobs.com/uploads/company_logos/1573546471Honest.png,Front End Developer," Kathmandu, Nepal",web-designer-front-end, Intermediate
https://kathmandujobs.com/uploads/company_logos/1579585401Outsource_Array.png,Graphic Designer/Front End Develope...," Kathmandu, Nepal",web-designer-front-end, Intermediate
https://kathmandujobs.com/uploads/company_logos/1579416119Splender_Group_Pvt__Ltd_.png,Front End Developers(Intern)," Kathmandu, Nepal",web-designer-front-end, Beginner
https://kathmandujobs.com/uploads/company_logos/1573558269af_thames_png.png,SENIOR FRONTEND DEVELOPER," Kathmandu, Nepal",web-designer-front-end, Expert
https://kathmandujobs.com/uploads/company_logos/1579237746softmahal.png,Frontend Developer - Intern," Kathmandu, Nepal",web-designer-front-end, Beginner
https://kathmandujobs.com/uploads/company_logos/1579237746softmahal.png,Laravel Developer-Intern," Kathmandu, Nepal",web-designer-front-end, Beginner
https://kathmandujobs.com/uploads/company_logos/1573543730introcept_download.png,FRONT END DEVELOPER," Kathmandu, Nepal",web-designer-front-end, Expert
https://kathmandujobs.com/uploads/company_logos/1579169736Iceberg_Technology.jpg,Front End Developers," Kathmandu, Nepal",web-designer-front-end, Beginner
https://kathmandujobs.com/uploads/company_logos/1573469980sillicon_hire_jpg.jpg,UI/UX & Graphic Designer," Kathmandu, Nepal",web-designer-front-end, Intermediate
https://kathmandujobs.com/uploads/company_logos/1576486546Analogue_Inc_.png,Front-end developer (Web)," Kathmandu, Nepal",web-designer-front-end, Intermediate
https://kathmandujobs.com/uploads/company_logos/1581352509Sysqube_(2).png,Laravel developer," Kathmandu, Nepal",web-developer-back-end, Intermediate
https://kathmandujobs.com/uploads/company_logos/1573155590logo-600a7ae5ee3b137ab7053170b6e8228cdea7ac191b51eaf6232fd2b611dc5d40.png,Backend Developer," Kathmandu, Nepal",web-developer-back-end, Intermediate
https://kathmandujobs.com/uploads/company_logos/1573636153upasarga.jpg,Software Engineer," Kathmandu, Nepal",web-developer-back-end, Intermediate
https://kathmandujobs.com/uploads/company_logos/1573469792prologic_solutions_logo.jpg,PHP Developer," Kathmandu, Nepal",web-developer-back-end, Beginner
https://kathmandujobs.com/uploads/company_logos/1573552904_codxectivesite.png,Web Development Internship," Lalitpur, Nepal",web-developer-back-end, Beginner
https://kathmandujobs.com/uploads/company_logos/15735518731_e_dheba.jpg,WEB /BACK-END DEVELOPER," , Nepal",web-developer-back-end, Intermediate
https://kathmandujobs.com/uploads/company_logos/1573552020divergent-logo.png,Website Developer," , Nepal",web-developer-back-end, Beginner
https://kathmandujobs.com/uploads/company_logos/1573539685new_it_venture_logo-.png,Junior Software Enginner (PHP or JA...," , Nepal",web-developer-back-end, Beginner
https://kathmandujobs.com/uploads/company_logos/1573471555chaitanya-design.png,Mobile and Web Developer," , Nepal",web-developer-back-end, Intermediate
https://kathmandujobs.com/uploads/company_logos/1573631053I_creation_download.jpg,Full Stack Developer," Kathmandu, Nepal",web-app-manager, Beginner
https://kathmandujobs.com/uploads/company_logos/1573457668metronew210x70.png,Web/App Manager," , Nepal",web-app-manager, Intermediate
https://kathmandujobs.com/uploads/company_logos/1581423507MatrixFull.png,Senior Laravel Developer," Lalitpur, Nepal",full-stack-php-laravel, Intermediate
https://kathmandujobs.com/uploads/company_logos/1579237746softmahal.png,Senior Laravel Developer," Kathmandu, Nepal",full-stack-php-laravel, Expert
https://kathmandujobs.com/uploads/company_logos/157347293346667968_357551595012453_2723472160059293696_n.jpg,Laravel/Vuejs Developer," Kathmandu, Nepal",full-stack-php-laravel, Intermediate
https://kathmandujobs.com/uploads/company_logos/1576486546Analogue_Inc_.png,Full Stack developer," Kathmandu, Nepal",full-stack-php-laravel, Intermediate
https://kathmandujobs.com/uploads/company_logos/1576486546Analogue_Inc_.png,Back-end developer (Php / laravel /...," Kathmandu, Nepal",full-stack-php-laravel, Intermediate
https://kathmandujobs.com/uploads/company_logos/1573528634spica_technology_logo.png,PHP Laravel Developer," Kathmandu, Nepal",full-stack-php-laravel, Expert
https://kathmandujobs.com/uploads/company_logos/1573559095a2z-logo-1.png,PHP/Laravel Developer," Kathmandu, Nepal",full-stack-php-laravel, Expert
https://kathmandujobs.com/uploads/company_logos/1573529115sajilo_trip_logo.png,Full Stack Web Developer (PHP Larav...," , Nepal",full-stack-php-laravel, Intermediate
https://kathmandujobs.com/uploads/company_logos/157347293346667968_357551595012453_2723472160059293696_n.jpg,PHP Developer (Laravel/Vuejs)," , Nepal",full-stack-php-laravel, Intermediate
https://kathmandujobs.com/uploads/company_logos/1573551818e_multio_tech_png.png,Php developer," Lalitpur, Nepal",full-stack-php-laravel, Intermediate
https://kathmandujobs.com/uploads/company_logos/1573631053I_creation_download.jpg,Full Stack Developer," , Nepal",full-stack-php-laravel, Intermediate
https://kathmandujobs.com/uploads/company_logos/1573552230diagonal_.jpg,Full-stack Web Developer," , Nepal",full-stack-php-laravel, Intermediate
https://kathmandujobs.com/uploads/company_logos/1574335644Final_Logo_Prabhavana_17_11_2019.png,SEO Expert," Kathmandu, Nepal",search-engine-optimization-seo, Expert
https://kathmandujobs.com/uploads/company_logos/1573207453whitehat-logo-bw.png,Sr. SEO Expert," Kathmandu, Nepal",search-engine-optimization-seo, Intermediate
https://kathmandujobs.com/uploads/company_logos/1574335644Final_Logo_Prabhavana_17_11_2019.png,SEO Expert," Kathmandu, Nepal",search-engine-optimization-seo, Beginner
https://kathmandujobs.com/uploads/company_logos/1579867545Next_Nepal.jpg,SEO / SEM Expert," Kathmandu, Nepal",search-engine-optimization-seo, Expert
https://kathmandujobs.com/uploads/company_logos/1579681695Pedal_logo.jpg,SEO & SEM Specialist," Lalitpur, Nepal",search-engine-optimization-seo, Intermediate
https://kathmandujobs.com/uploads/company_logos/157767711217352426_395297934159040_7934800298861015467_n.jpg,SEO (Internship)," Lalitpur, Nepal",search-engine-optimization-seo, Beginner
https://kathmandujobs.com/uploads/company_logos/1574335644Final_Logo_Prabhavana_17_11_2019.png,SEO Expert," Kathmandu, Nepal",search-engine-optimization-seo, Expert
https://kathmandujobs.com/uploads/company_logos/1573552960codewing.png,Search Engine Optimisation (SEO) Sp...," Kathmandu, Nepal",search-engine-optimization-seo, Expert
https://kathmandujobs.com/uploads/company_logos/1574335644Final_Logo_Prabhavana_17_11_2019.png,SEO Specialist," , Nepal",search-engine-optimization-seo, Intermediate
https://kathmandujobs.com/uploads/company_logos/1579505544edigitalhive.png,Digital Marketing Intern," Bhaktapur, Nepal",digital-marketing, Beginner
https://kathmandujobs.com/uploads/company_logos/1579505544edigitalhive.png,Digital Marketing," Kathmandu, Nepal",digital-marketing, Beginner
https://kathmandujobs.com/uploads/company_logos/1573552730dcube_solutions.jpg,Digital Marketing," Pokhara, Nepal",digital-marketing, Beginner
https://kathmandujobs.com/uploads/company_logos/1579173214Edigital_Nepal.png,Digital marketing Officer," Kathmandu, Nepal",digital-marketing, Expert
https://kathmandujobs.com/uploads/company_logos/157321006210_orbits_logo-png.png,Digital Marketing Intern," Lalitpur, Nepal",digital-marketing, Beginner
https://kathmandujobs.com/uploads/company_logos/1576486546Analogue_Inc_.png,SEO/Digital Marketing," Kathmandu, Nepal",digital-marketing, Intermediate
https://kathmandujobs.com/uploads/company_logos/1574335644Final_Logo_Prabhavana_17_11_2019.png,Marketing Executive," Kathmandu, Nepal",digital-marketing, Beginner
https://kathmandujobs.com/uploads/company_logos/1574335644Final_Logo_Prabhavana_17_11_2019.png,Marketing Executive," Kathmandu, Nepal",digital-marketing, Beginner
https://kathmandujobs.com/uploads/company_logos/157321006210_orbits_logo-png.png,Digital Marketing Executive," Lalitpur, Nepal",digital-marketing, Beginner
https://kathmandujobs.com/uploads/company_logos/157320976438802868_447287932449044_6338536933282545664_n.png,MESSANGER BOY," Lalitpur, Nepal",digital-marketing, Beginner
https://kathmandujobs.com/uploads/company_logos/1575014165kalpa-logo.png,Video animator," Kathmandu, Nepal",digital-marketing, Intermediate
https://kathmandujobs.com/uploads/company_logos/1573714400Kathmandu_Jobs_logo.jpg,Digital Marketing Officer," Kathmandu, Nepal",digital-marketing, Beginner
https://kathmandujobs.com/uploads/company_logos/1573469452sherpa_technology.jpg,Internet Marketer," , Nepal",digital-marketing, Beginner
https://kathmandujobs.com/uploads/company_logos/1573547627Gateway_payment.png,Marketing Executive/Digital Marketi...," , Nepal",digital-marketing, Beginner
https://kathmandujobs.com/uploads/company_logos/1582197872SabKura_Logo_200_x_200.jpg,Online Sales Representative Job In ...," Kathmandu, Nepal",sales-and-marketing, Beginner
https://kathmandujobs.com/uploads/company_logos/1579173214Edigital_Nepal.png,Marketing Executives," Kathmandu, Nepal",sales-and-marketing, Intermediate
https://kathmandujobs.com/uploads/company_logos/1574335644Final_Logo_Prabhavana_17_11_2019.png,Marketing Executive," Kathmandu, Nepal",sales-and-marketing, Intermediate
https://kathmandujobs.com/uploads/company_logos/1575014348ab_group_png.png,Marketing Officers," Lalitpur, Nepal",sales-and-marketing, Intermediate
https://kathmandujobs.com/uploads/company_logos/1573468192be_rojgar_n.jpg,Field Marketing Representative (Con...," Kathmandu, Nepal",sales-and-marketing, Beginner
https://kathmandujobs.com/uploads/company_logos/1579867545Next_Nepal.jpg,Marketing & Sales Executive," Kathmandu, Nepal",sales-and-marketing, Intermediate
https://kathmandujobs.com/assets/img/job_icon.png,Marketing / Sales Person," Kathmandu, Nepal",sales-and-marketing, Intermediate
https://kathmandujobs.com/uploads/company_logos/1579867545Next_Nepal.jpg,Sales Marketing Executive," Kathmandu, Nepal",sales-and-marketing, Intermediate
https://kathmandujobs.com/uploads/company_logos/1573714400Kathmandu_Jobs_logo.jpg,Marketing Interns," Kathmandu, Nepal",sales-and-marketing, Beginner
https://kathmandujobs.com/uploads/company_logos/1577180638logo.png,Sales & Marketing," Kathmandu, Nepal",sales-and-marketing, Expert
https://kathmandujobs.com/uploads/company_logos/1573637358bentray_logo.png,Marketing Executive," Lalitpur, Nepal",sales-and-marketing, Expert
https://kathmandujobs.com/uploads/company_logos/1581591950bent_ray_logo_v2_square-01-01.png,Marketing Executive," Lalitpur, Nepal",sales-and-marketing, Intermediate
https://kathmandujobs.com/uploads/company_logos/1573469064dot_netics_logo.png,MARKETING OFFICER," Kathmandu, Nepal",sales-and-marketing, Intermediate
https://kathmandujobs.com/uploads/company_logos/1579676289Rewa_Soft.png,Sales and Marketing Executive," Kathmandu, Nepal",sales-and-marketing, Beginner
https://kathmandujobs.com/uploads/company_logos/1583398471logo_social.png,Mobile Application Developer," Lalitpur, Nepal",app-development-android, Expert
https://kathmandujobs.com/uploads/company_logos/1579585401Outsource_Array.png,Senior App Developer (React Native)," Kathmandu, Nepal",app-development-android, Intermediate
https://kathmandujobs.com/uploads/company_logos/1573630272Deltajpg.jpg,Sr. Android Developer," Biratnagar, Nepal",app-development-android, Expert
https://kathmandujobs.com/uploads/company_logos/1573553711central-technology-services-logo.png,Application Development intern," Kathmandu, Nepal",app-development-android, Beginner
https://kathmandujobs.com/uploads/company_logos/1573551423enfiny.jpg,React Native Developer," Kathmandu, Nepal",app-development-android, Intermediate
https://kathmandujobs.com/uploads/company_logos/1575014348ab_group_png.png,Android App Developer," Lalitpur, Nepal",app-development-android, Expert
https://kathmandujobs.com/uploads/company_logos/1573551818e_multio_tech_png.png,Android developer," Kathmandu, Nepal",app-development-android, Beginner
https://kathmandujobs.com/uploads/company_logos/1579867545Next_Nepal.jpg,Mid-Level Reactnative or Flutter Ap...," Kathmandu, Nepal",app-development-android, Intermediate
https://kathmandujobs.com/uploads/company_logos/1579241622LeanTask_Logo.png,Android Developer," Lalitpur, Nepal",app-development-android, Intermediate
https://kathmandujobs.com/uploads/company_logos/1579237746softmahal.png,Flutter Developer," Kathmandu, Nepal",app-development-android, Intermediate
https://kathmandujobs.com/uploads/company_logos/1579173214Edigital_Nepal.png,Android Developer," Kathmandu, Nepal",app-development-android, Intermediate
https://kathmandujobs.com/uploads/company_logos/1573209602unlimited_technology_logo-e1562829062924.png,Android Developer," Kathmandu, Nepal",app-development-android, Intermediate
https://kathmandujobs.com/uploads/company_logos/1576486546Analogue_Inc_.png,"Front-end developer (Angular JS ,Re..."," Kathmandu, Nepal",app-development-android, Intermediate
https://kathmandujobs.com/uploads/company_logos/1573466243-lunivacar_Websitee.png,Mobile App Intern Developers," Kathmandu, Nepal",app-development-android, Beginner
https://kathmandujobs.com/uploads/company_logos/1579918919Crossover_Nepal_logo.png,Mid/Junior PHP(Laravel vue/jquery) ...," Lalitpur, Nepal",programming-phplaravel, Expert
https://kathmandujobs.com/uploads/company_logos/1579918919Crossover_Nepal_logo.png,"Senior PHP (Laravel, vue/jquery) De..."," Lalitpur, Nepal",programming-phplaravel, Expert
https://kathmandujobs.com/uploads/company_logos/1579918919Crossover_Nepal_logo.png,PHP Laravel - Team leader," Lalitpur, Nepal",programming-phplaravel, Expert
https://kathmandujobs.com/uploads/company_logos/1573543514IT_arrow.png,Mid Level Laravel Developers," Kathmandu, Nepal",programming-phplaravel, Expert
https://kathmandujobs.com/uploads/company_logos/1573208271wafttech_logo.png,PHP Superhero (Laravel / WordPress)...," Lalitpur, Nepal",programming-phplaravel, Expert
https://kathmandujobs.com/uploads/company_logos/1579757180Bidhee_Logo.png,PHP Developer - Laravel (Team Lead)," Kathmandu, Nepal",programming-phplaravel, Expert
https://kathmandujobs.com/uploads/company_logos/1579757180Bidhee_Logo.png,PHP Developer - Laravel (Senior Lev...," Kathmandu, Nepal",programming-phplaravel, Expert
https://kathmandujobs.com/uploads/company_logos/1579757180Bidhee_Logo.png,PHP Developer-Laravel (Mid Level)," Kathmandu, Nepal",programming-phplaravel, Intermediate
https://kathmandujobs.com/uploads/company_logos/1573543986info_developer_.png,Mid level PHP Developer (CI specifi...," Kathmandu, Nepal",programming-phplaravel, Intermediate
https://kathmandujobs.com/uploads/company_logos/1573630272Deltajpg.jpg,Jr. PHP Developer," Biratnagar, Nepal",programming-phplaravel, Intermediate
https://kathmandujobs.com/uploads/company_logos/1573630272Deltajpg.jpg,Sr. PHP Developer," Biratnagar, Nepal",programming-phplaravel, Expert
https://kathmandujobs.com/uploads/company_logos/1579177117IT_Arrow.jpg,Laravel interns," Kathmandu, Nepal",programming-phplaravel, Beginner
https://kathmandujobs.com/uploads/company_logos/1575014348ab_group_png.png,Laravel Developer," Lalitpur, Nepal",programming-phplaravel, Intermediate
https://kathmandujobs.com/uploads/company_logos/1579918919Crossover_Nepal_logo.png,PHP Developer- Laravel/vue," Kathmandu, Nepal",programming-phplaravel, Expert
https://kathmandujobs.com/uploads/company_logos/1580021409Techdurbar.png,React-Native Developers," Kathmandu, Nepal",programming-react, Intermediate
https://kathmandujobs.com/uploads/company_logos/1579858034nuptse_logo_.png,Frontend Developer ( React JS )," Kathmandu, Nepal",programming-react, Intermediate
https://kathmandujobs.com/uploads/company_logos/15826067641577531537994.png,Full Stack React Developer," Kathmandu, Nepal",programming-react, Expert
https://kathmandujobs.com/uploads/company_logos/1573553109code_fusion_png.png,JavaScript Engineer - React Js / Re...," Kathmandu, Nepal",programming-react, Expert
https://kathmandujobs.com/uploads/company_logos/1579173214Edigital_Nepal.png,React native Mobile App developer," Kathmandu, Nepal",programming-react, Expert
https://kathmandujobs.com/uploads/company_logos/1579173214Edigital_Nepal.png,React Developer," Kathmandu, Nepal",programming-react, Intermediate
https://kathmandujobs.com/uploads/company_logos/1573559095a2z-logo-1.png,Urgent React native developers," Kathmandu, Nepal",programming-react, Expert
https://kathmandujobs.com/uploads/company_logos/1576581432soorijpg.jpg,React JS Developer," Kathmandu, Nepal",programming-react, Intermediate
https://kathmandujobs.com/uploads/company_logos/1573555567bitsbeat.png,Senior React Native Developer," Lalitpur, Nepal",programming-react, Expert
https://kathmandujobs.com/uploads/company_logos/157347293346667968_357551595012453_2723472160059293696_n.jpg,React native Developer," Kathmandu, Nepal",programming-react, Beginner
https://kathmandujobs.com/uploads/company_logos/1573539893nepware_logo_download.png,Frontend Developer (React.js)," Kathmandu, Nepal",programming-react, Intermediate
https://kathmandujobs.com/uploads/company_logos/1573905190marketstampfinal2.jpg,React native developer," Kathmandu, Nepal",programming-react, Beginner
https://kathmandujobs.com/uploads/company_logos/1573559095a2z-logo-1.png,React native developers," Kathmandu, Nepal",programming-react, Expert
https://kathmandujobs.com/uploads/company_logos/1573209836truemark-logo-.png,"Software Engineer, Reactjs"," , Nepal",programming-react, Intermediate
https://kathmandujobs.com/assets/img/job_icon.png,Wordpress Developer," Kathmandu, Nepal",wordpress-developer, Intermediate
https://kathmandujobs.com/uploads/company_logos/1582197872SabKura_Logo_200_x_200.jpg,WordPress Web Developer Job In Nepa...," Kathmandu, Nepal",wordpress-developer, Expert
https://kathmandujobs.com/uploads/company_logos/1582022189Code_Pixelz.png,WordPress Developer," Lalitpur, Nepal",wordpress-developer, Expert
https://kathmandujobs.com/uploads/company_logos/1574335644Final_Logo_Prabhavana_17_11_2019.png,Senior WordPress Developer," Kathmandu, Nepal",wordpress-developer, Expert
https://kathmandujobs.com/uploads/company_logos/1581228775podamibe_nepal.png,WORD PRESS DEVELOPER," Kathmandu, Nepal",wordpress-developer, Expert
https://kathmandujobs.com/uploads/company_logos/1574335644Final_Logo_Prabhavana_17_11_2019.png,WordPress Developer," Kathmandu, Nepal",wordpress-developer, Expert
https://kathmandujobs.com/uploads/company_logos/1579416119Splender_Group_Pvt__Ltd_.png,Wordpress Developer (Intern)," Kathmandu, Nepal",wordpress-developer, Beginner
https://kathmandujobs.com/uploads/company_logos/1579416119Splender_Group_Pvt__Ltd_.png,Wordpress Developer," Kathmandu, Nepal",wordpress-developer, Intermediate
https://kathmandujobs.com/uploads/company_logos/1573558269af_thames_png.png,SENIOR WORDPRESS DEVELOPER," Kathmandu, Nepal",wordpress-developer, Expert
https://kathmandujobs.com/uploads/company_logos/1574335644Final_Logo_Prabhavana_17_11_2019.png,Senior WordPress Developer," Kathmandu, Nepal",wordpress-developer, Expert
https://kathmandujobs.com/uploads/company_logos/1579169736Iceberg_Technology.jpg,PHP / WordPress Interns," Kathmandu, Nepal",wordpress-developer, Beginner
https://kathmandujobs.com/uploads/company_logos/1579168468Prolific_IT_Final_Logo.jpg,PHP Developer with good Wordpress k...," Kathmandu, Nepal",wordpress-developer, Expert
https://kathmandujobs.com/uploads/company_logos/1579169736Iceberg_Technology.jpg,Wordpress Developer," Kathmandu, Nepal",wordpress-developer, Beginner
https://kathmandujobs.com/uploads/company_logos/1573528634spica_technology_logo.png,Sr. Laravel and Wordpress Developer," Kathmandu, Nepal",wordpress-developer, Expert
https://kathmandujobs.com/uploads/company_logos/1573630722shirish_web_technologylogo.png,QA (Quality Assurance)," Kathmandu, Nepal",others, Intermediate
https://kathmandujobs.com/uploads/company_logos/1582040269good-one.png,Tele Sales Executives," Lalitpur, Nepal",others, Intermediate
https://kathmandujobs.com/uploads/company_logos/1573630272Deltajpg.jpg,Lead Generation Executive," Biratnagar, Nepal",others, Intermediate
https://kathmandujobs.com/uploads/company_logos/1581228775podamibe_nepal.png,Automation Engineer," Kathmandu, Nepal",others, Expert
https://kathmandujobs.com/uploads/company_logos/1579585401Outsource_Array.png,Tableau Data Analyst with Developer...," Kathmandu, Nepal",others, Intermediate
https://kathmandujobs.com/uploads/company_logos/1580292310logo.png,Full-Stack Developer (Mid/Sr.) - Ja...," Lalitpur, Nepal",others, Expert
https://kathmandujobs.com/uploads/company_logos/1580292310logo.png,Frontend Designer/Developer," Lalitpur, Nepal",others, Intermediate
https://kathmandujobs.com/uploads/company_logos/1579867545Next_Nepal.jpg,Front Desk Receptionist," Kathmandu, Nepal",others, Intermediate
https://kathmandujobs.com/uploads/company_logos/1579761532Moonlit_Solutions_logo.png,Business Analyst," Kathmandu, Nepal",others, Expert
https://kathmandujobs.com/uploads/company_logos/1579761532Moonlit_Solutions_logo.png,JavaScript Developer," Kathmandu, Nepal",others, Expert
https://kathmandujobs.com/uploads/company_logos/1573547708fuse_machine.png,Machine Learning Engineer Associate," Kathmandu, Nepal",others, Intermediate
https://kathmandujobs.com/uploads/company_logos/1573714400Kathmandu_Jobs_logo.jpg,Marketing Interns / Volunteers," Kathmandu, Nepal",others, Beginner
https://kathmandujobs.com/uploads/company_logos/1579173214Edigital_Nepal.png,Marketing Executives," Kathmandu, Nepal",others, Beginner
https://kathmandujobs.com/uploads/company_logos/1573714400Kathmandu_Jobs_logo.jpg,E-bidding Expert," Kathmandu, Nepal",others, Beginner
